Player,Team,GP,MPG,PPG,FGM,FGA,FG%,3PM,3PA,3P%,FTM,FTA,FT%,ORB,DRB,RPG,APG,SPG,BPG,TOV,PF,AST,BLK,MIN,PTS,REB,STL,AST%,BLK%,DRB%,DRtg,FIC,ORB%,ORtg,PER,PPR,PPS,STL%,TOV%,TRB%,TS%,Total S %,USG%,eDiff,eFG%,20 Ast,20 Reb,40 Pts,5 Blk,5 Stl,Ast/TO,DWS,Dbl Dbl,FT/FGA,HOB,High Game,L's,OWS,Stl/TO,Techs,Tpl Dbl,W's,WS,Win %
Robert Bolick,NLEX,12.0,38.8,28.3,8.7,18.7,0.464,2.6,7.7,0.337,8.4,9.8,0.863,1.1,4.2,5.3,6.6,0.8,0.1,2.6,2.8,79.0,1.0,466.1,340.0,63.0,10.0,38.3,0.2,12.8,110.4,220.6,3.1,126.5,26.6,4.8,1.5,1.2,10.1,7.8,0.617,166.4,31.1,16.0,0.533,0.0,0.0,0.0,0.0,0.0,0.0,0.0,0.0,0.0,0.0,0.0,0.0,0.0,0.0,0.0,0.0,0.0,0.0,0.0
Juami Tiongson,DYIP,14.0,39.7,22.1,7.3,16.9,0.43,2.4,6.7,0.362,5.1,5.6,0.899,1.3,3.4,4.6,3.6,0.9,0.0,3.4,3.2,50.0,0.0,556.2,309.0,65.0,12.0,16.3,0.0,9.2,114.9,147.4,3.8,109.0,15.6,-2.5,1.3,1.2,14.7,6.6,0.569,169.1,26.7,-5.9,0.502,0.0,0.0,0.0,0.0,0.0,1.1,0.0,1.0,0.3,0.307,30.0,7.0,1.0,0.3,0.0,0.0,7.0,1.0,0.5
Calvin John Oftana,TNT,14.0,36.8,21.9,7.9,16.6,0.476,2.9,7.4,0.385,3.1,4.1,0.772,1.8,7.4,9.2,2.6,0.7,0.5,3.3,2.1,37.0,7.0,515.8,306.0,129.0,10.0,13.6,1.3,21.6,106.5,206.4,5.5,109.2,18.9,-4.1,1.3,1.0,15.1,13.7,0.593,163.3,26.8,2.8,0.562,0.0,0.0,0.0,0.0,0.0,0.8,0.6,5.0,0.2,0.297,37.0,7.0,0.9,0.2,0.0,0.0,7.0,1.4,0.5
Christian Standhardinger,BGK,19.0,38.5,21.3,8.4,16.7,0.502,0.1,0.2,0.25,4.5,8.5,0.528,3.8,6.6,10.5,5.0,0.5,0.4,2.9,2.5,95.0,8.0,730.7,404.0,199.0,9.0,27.7,1.0,18.2,100.6,305.4,10.9,108.0,19.9,1.1,1.3,0.7,12.6,14.6,0.521,128.0,28.0,7.4,0.503,0.0,0.0,1.0,0.0,0.0,1.7,1.3,12.0,0.5,0.405,41.0,8.0,1.3,0.2,0.0,0.0,11.0,2.6,0.579
Arvin Tolentino,NPB,12.0,35.6,21.3,6.6,14.6,0.451,1.3,4.9,0.254,6.8,8.8,0.774,1.2,6.2,7.3,4.2,1.3,1.3,3.0,2.3,50.0,15.0,427.7,255.0,88.0,15.0,20.3,3.2,18.5,106.5,184.0,3.5,110.5,19.5,-0.6,1.5,1.7,14.0,11.0,0.575,147.9,26.2,4.0,0.494,0.0,0.0,0.0,0.0,0.0,1.4,0.4,2.0,0.6,0.29,31.0,7.0,0.8,0.4,0.0,0.0,5.0,1.3,0.417
Alec Stockton,XERS,11.0,31.9,21.2,7.1,15.0,0.473,2.0,5.0,0.4,5.0,5.9,0.846,0.5,4.3,4.8,3.4,1.0,0.5,2.4,3.1,37.0,6.0,351.1,233.0,53.0,11.0,22.2,1.6,14.4,113.0,137.1,1.8,116.8,21.5,-0.4,1.4,1.6,11.8,8.0,0.602,171.9,28.5,3.8,0.539,0.0,0.0,0.0,0.0,0.0,0.0,0.0,0.0,0.0,0.0,0.0,0.0,0.0,0.0,0.0,0.0,0.0,0.0,0.0
Stephen Holt,DYIP,13.0,41.6,21.1,7.4,14.5,0.511,2.2,6.2,0.358,4.1,5.1,0.803,1.7,6.5,8.2,6.3,2.5,0.0,2.5,2.1,82.0,0.0,541.0,274.0,106.0,32.0,26.3,0.0,16.9,108.3,260.8,4.8,127.3,23.0,4.1,1.5,3.2,13.2,11.1,0.631,167.2,21.4,19.0,0.588,0.0,0.0,0.0,0.0,1.0,2.5,0.5,6.0,0.4,0.379,32.0,6.0,2.1,1.0,0.0,0.0,7.0,2.6,0.538
CJ Perez,SMB,23.0,31.4,20.8,7.3,16.4,0.446,1.7,5.3,0.322,4.5,6.3,0.705,1.6,5.0,6.5,3.9,1.6,0.1,1.7,2.9,89.0,3.0,722.6,478.0,150.0,37.0,21.7,0.4,16.3,103.5,317.5,5.4,116.3,23.4,2.7,1.3,2.7,8.3,11.0,0.542,147.3,29.8,12.8,0.497,0.0,0.0,0.0,0.0,1.0,2.2,1.0,5.0,0.4,0.291,34.0,6.0,2.4,0.9,0.0,0.0,17.0,3.4,0.739
Roger Ray Pogoy,TNT,13.0,34.6,20.4,7.2,15.8,0.459,2.3,6.0,0.385,3.6,4.5,0.797,1.2,3.1,4.3,2.1,0.5,0.3,1.5,2.8,27.0,4.0,449.5,265.0,56.0,7.0,11.2,0.8,9.6,111.0,134.6,4.0,116.1,17.5,-0.4,1.3,0.8,8.0,6.9,0.574,164.0,25.3,5.0,0.532,0.0,0.0,0.0,0.0,0.0,0.0,0.0,0.0,0.0,0.0,0.0,0.0,0.0,0.0,0.0,0.0,0.0,0.0,0.0
Justin Arana,XERS,11.0,33.5,19.9,7.5,13.1,0.569,0.0,0.0,0.0,5.0,7.4,0.679,1.7,5.8,7.5,2.5,0.4,0.9,3.9,3.6,27.0,10.0,368.0,219.0,83.0,4.0,15.5,2.5,18.7,113.3,125.6,5.4,105.8,18.1,-6.8,1.5,0.6,19.3,12.0,0.61,124.8,27.5,-7.5,0.569,0.0,0.0,0.0,0.0,0.0,0.6,0.1,2.0,0.6,0.294,32.0,9.0,0.5,0.1,0.0,0.0,2.0,0.6,0.182
Tyler Tio,FUEL,1.0,24.5,19.0,7.0,10.0,0.7,2.0,4.0,0.5,3.0,4.0,0.75,1.0,1.0,2.0,4.0,1.0,0.0,0.0,0.0,4.0,0.0,24.5,19.0,2.0,1.0,26.0,0.0,6.4,118.5,16.8,4.5,172.0,30.2,9.3,1.9,1.8,0.0,5.3,0.808,195.0,19.1,53.5,0.8,0.0,0.0,0.0,0.0,0.0,0.0,0.0,0.0,0.0,0.0,0.0,0.0,0.0,0.0,0.0,0.0,0.0,0.0,0.0
June Mar Fajardo,SMB,23.0,36.2,18.9,7.0,12.8,0.548,0.1,0.5,0.167,4.8,6.4,0.743,4.9,9.4,14.3,2.9,0.4,1.4,2.8,2.4,67.0,32.0,832.1,434.0,329.0,10.0,13.3,3.6,27.0,102.1,448.8,14.6,120.5,23.9,-2.4,1.5,0.6,15.3,20.9,0.604,145.8,22.9,18.4,0.551,0.0,3.0,0.0,0.0,0.0,1.0,1.3,21.0,0.5,0.258,38.0,6.0,2.8,0.2,0.0,0.0,17.0,4.1,0.739
Ian Paul Sangalang,SHOT,12.0,30.4,17.8,6.9,13.2,0.525,0.0,0.0,0.0,4.0,5.3,0.762,2.8,4.3,7.2,2.1,0.3,0.5,1.9,2.7,25.0,6.0,365.0,214.0,86.0,3.0,14.8,1.9,17.0,104.6,139.9,10.7,116.0,20.7,-1.8,1.4,0.4,11.0,13.8,0.576,128.7,26.3,11.4,0.525,0.0,0.0,0.0,0.0,0.0,1.1,0.5,3.0,0.4,0.271,32.0,6.0,1.0,0.1,0.0,0.0,6.0,1.5,0.5
Jason Perkins,FUEL,10.0,35.7,17.6,6.6,12.7,0.52,1.2,3.3,0.364,3.2,3.9,0.821,1.7,6.2,7.9,3.1,0.4,0.2,2.0,2.7,31.0,2.0,357.0,176.0,79.0,4.0,15.9,0.5,18.3,109.1,133.1,5.5,118.3,17.6,0.2,1.4,0.6,12.2,12.2,0.61,170.4,21.0,9.2,0.567,0.0,0.0,0.0,0.0,0.0,1.6,0.2,3.0,0.3,0.276,28.0,7.0,0.9,0.2,0.0,0.0,3.0,1.2,0.3
Chris Newsome,MER,26.0,35.9,17.5,5.5,14.4,0.385,1.3,5.0,0.267,5.0,5.8,0.873,1.2,4.8,6.0,4.5,0.9,0.3,2.0,2.9,117.0,9.0,932.3,454.0,155.0,23.0,22.6,1.0,15.3,102.1,301.0,3.5,111.1,17.4,3.1,1.2,1.4,10.4,9.3,0.516,152.6,25.2,9.0,0.432,0.0,0.0,1.0,0.0,0.0,2.3,1.5,2.0,0.4,0.294,40.0,10.0,1.9,0.5,0.0,0.0,16.0,3.3,0.615
Jeth Troy Rosario,BLAC,11.0,32.9,17.4,5.7,11.8,0.485,1.4,3.7,0.366,4.5,6.3,0.725,3.4,3.6,7.0,2.5,0.7,0.4,1.9,2.4,28.0,4.0,362.3,191.0,77.0,8.0,13.8,1.1,13.0,108.1,140.6,10.4,119.7,20.0,-0.7,1.5,1.2,11.6,11.6,0.596,157.5,22.9,11.6,0.542,0.0,0.0,0.0,0.0,0.0,1.3,0.3,1.0,0.5,0.235,33.0,7.0,1.1,0.4,0.0,0.0,4.0,1.4,0.364
Leonard Santillan,ROS,18.0,31.8,17.1,5.9,12.4,0.475,1.7,5.4,0.309,3.6,5.4,0.663,2.0,5.8,7.8,2.6,0.5,0.3,1.9,1.7,47.0,6.0,571.6,307.0,141.0,9.0,13.6,0.9,19.0,106.8,229.3,6.5,111.8,17.0,-0.6,1.4,0.8,11.6,12.8,0.577,144.8,22.4,5.0,0.543,0.0,0.0,0.0,0.0,0.0,1.3,0.6,4.0,0.4,0.223,31.0,10.0,1.1,0.3,0.0,0.0,8.0,1.6,0.444
Javier Joaquin Gomez de Liano,DYIP,14.0,29.5,16.4,6.1,10.7,0.573,1.6,4.1,0.397,2.4,3.3,0.739,1.6,4.4,5.9,1.9,0.8,0.9,2.1,2.5,27.0,12.0,412.4,229.0,83.0,11.0,12.4,2.6,16.2,110.2,170.5,6.3,121.8,21.4,-2.7,1.5,1.4,14.6,11.4,0.673,170.9,22.5,11.6,0.65,0.0,0.0,0.0,0.0,0.0,0.9,0.3,2.0,0.3,0.228,23.0,7.0,1.3,0.4,0.0,0.0,7.0,1.5,0.5
Mark Barroca,SHOT,12.0,34.4,15.4,5.9,14.2,0.418,1.3,4.1,0.306,2.3,3.2,0.737,0.7,3.3,4.0,5.4,1.8,0.2,2.8,3.7,65.0,2.0,412.6,185.0,48.0,22.0,30.3,0.6,11.5,101.4,115.3,2.2,101.5,14.3,2.6,1.1,2.9,15.0,6.8,0.495,146.1,24.4,0.0,0.462,0.0,0.0,0.0,0.0,2.0,2.0,0.7,1.0,0.2,0.342,27.0,6.0,0.2,0.7,0.0,0.0,6.0,0.9,0.5
Beau Belga,ROS,18.0,30.0,14.9,5.4,11.7,0.462,2.0,5.6,0.356,2.2,3.7,0.582,0.8,6.2,6.9,4.8,0.8,0.4,2.7,3.8,86.0,8.0,539.7,269.0,125.0,14.0,26.1,1.2,21.3,104.6,209.6,2.7,104.7,15.4,1.6,1.3,1.3,16.7,12.0,0.562,140.0,22.6,0.1,0.548,0.0,0.0,0.0,0.0,0.0,1.8,0.7,3.0,0.3,0.266,28.0,10.0,0.5,0.3,0.0,1.0,8.0,1.2,0.444
Jamie Orme,BGK,8.0,34.5,14.1,5.4,14.8,0.364,1.8,6.6,0.264,1.6,2.5,0.65,2.5,4.6,7.1,3.3,0.9,0.8,3.3,2.4,26.0,6.0,275.7,113.0,57.0,7.0,17.1,2.1,14.5,101.4,68.3,7.8,89.8,10.3,-3.3,1.0,1.4,17.0,11.1,0.446,127.9,25.1,-11.6,0.424,0.0,0.0,0.0,0.0,0.0,1.0,0.4,1.0,0.2,0.255,32.0,3.0,-0.3,0.3,0.0,0.0,5.0,0.1,0.625
Allein Maliksi,MER,26.0,23.1,13.7,4.9,11.5,0.423,1.3,3.9,0.324,2.7,3.3,0.793,0.5,2.8,3.3,1.5,0.5,0.2,0.8,2.8,38.0,6.0,601.5,356.0,85.0,14.0,12.7,1.0,13.6,102.8,165.4,2.4,110.8,17.8,0.6,1.2,1.3,6.1,7.9,0.526,154.0,28.7,8.1,0.478,0.0,0.0,0.0,0.0,0.0,0.0,0.0,0.0,0.0,0.0,0.0,0.0,0.0,0.0,0.0,0.0,0.0,0.0,0.0
Japeth Aguilar,BGK,19.0,28.2,13.6,5.4,9.7,0.554,0.0,0.2,0.0,2.9,3.6,0.797,1.6,4.8,6.4,0.6,0.2,1.4,1.4,2.5,11.0,26.0,536.5,259.0,122.0,4.0,4.1,4.4,17.9,99.3,185.9,6.3,116.1,17.9,-3.6,1.4,0.4,10.8,12.2,0.604,135.1,20.7,16.8,0.554,0.0,0.0,0.0,0.0,0.0,0.4,1.0,2.0,0.4,0.18,21.0,8.0,1.1,0.2,0.0,0.0,11.0,2.2,0.579
Kenneth Tuffin,FUEL,11.0,32.0,12.8,4.4,9.4,0.466,1.7,4.7,0.365,2.4,3.1,0.765,1.2,4.6,5.8,1.9,0.9,0.1,1.9,2.7,21.0,1.0,351.6,141.0,64.0,10.0,10.3,0.3,15.1,107.8,98.3,4.2,110.1,13.2,-2.0,1.4,1.5,15.1,9.9,0.598,159.6,17.8,2.3,0.558,0.0,0.0,0.0,0.0,0.0,1.0,0.3,1.0,0.3,0.182,17.0,8.0,0.5,0.5,0.0,0.0,3.0,0.8,0.273
Adrian Nocum,ROS,17.0,22.6,12.8,4.8,10.5,0.461,0.9,2.8,0.313,2.2,3.4,0.655,1.1,2.6,3.8,3.1,1.0,0.3,2.1,2.3,52.0,5.0,383.5,217.0,64.0,17.0,23.7,1.1,12.2,106.4,133.0,5.1,101.9,16.1,-0.3,1.2,2.2,15.0,8.6,0.533,142.8,26.5,-4.6,0.503,0.0,0.0,0.0,0.0,0.0,0.0,0.0,0.0,0.0,0.0,0.0,0.0,0.0,0.0,0.0,0.0,0.0,0.0,0.0
Celedonio Trollano,SMB,23.0,25.1,12.5,4.7,9.0,0.529,1.7,4.2,0.406,1.3,1.6,0.811,1.5,4.0,5.5,0.8,0.3,0.1,0.9,1.7,18.0,2.0,577.1,287.0,126.0,7.0,5.1,0.3,16.3,108.2,207.9,6.6,128.1,18.4,-1.6,1.4,0.6,8.6,11.6,0.646,174.6,18.9,19.9,0.624,0.0,0.0,0.0,0.0,0.0,0.9,0.5,1.0,0.2,0.144,25.0,6.0,1.9,0.3,0.0,0.0,17.0,2.4,0.739
Jayson Castro William,TNT,14.0,25.7,12.4,4.1,9.4,0.439,1.2,3.7,0.327,2.9,4.1,0.707,0.3,3.3,3.6,5.1,0.9,0.1,1.6,1.6,71.0,2.0,359.2,174.0,50.0,13.0,34.0,0.5,13.7,107.5,144.3,1.3,116.6,18.6,7.0,1.3,1.9,12.3,7.7,0.552,147.3,22.7,9.1,0.504,0.0,0.0,0.0,0.0,0.0,0.0,0.0,0.0,0.0,0.0,0.0,0.0,0.0,0.0,0.0,0.0,0.0,0.0,0.0
Maverick Ahanmisi,BGK,19.0,33.5,12.4,3.8,10.9,0.353,1.2,4.2,0.291,3.5,4.8,0.736,2.0,4.6,6.6,3.6,0.5,0.2,1.7,2.3,69.0,3.0,636.8,236.0,125.0,10.0,18.9,0.4,14.4,102.1,176.9,6.5,106.0,12.6,2.1,1.1,0.9,11.8,10.5,0.478,138.0,20.3,3.9,0.408,0.0,0.0,0.0,0.0,0.0,2.1,1.0,1.0,0.4,0.226,18.0,8.0,0.6,0.3,0.0,0.0,11.0,1.6,0.579
Jhonard Clarito,ROS,18.0,24.4,12.4,4.3,9.4,0.459,1.2,3.4,0.339,2.6,3.5,0.73,1.3,3.6,4.9,1.7,0.6,0.4,1.1,2.9,30.0,7.0,438.7,223.0,88.0,10.0,11.2,1.3,15.1,106.8,144.9,5.6,112.3,15.4,0.0,1.3,1.1,9.2,10.4,0.564,152.8,21.1,5.5,0.521,0.0,0.0,0.0,0.0,0.0,0.0,0.0,0.0,0.0,0.0,0.0,0.0,0.0,0.0,0.0,0.0,0.0,0.0,0.0
Bryan Santos,XERS,11.0,32.5,12.3,3.9,9.7,0.402,3.0,7.9,0.379,1.5,1.7,0.842,1.0,3.3,4.3,1.8,0.6,0.5,1.1,3.0,20.0,5.0,357.7,135.0,47.0,7.0,9.7,1.3,10.8,115.7,89.1,3.2,117.8,12.5,0.4,1.3,1.0,9.4,7.0,0.585,162.3,16.2,2.1,0.556,0.0,0.0,0.0,0.0,0.0,0.0,0.0,0.0,0.0,0.0,0.0,0.0,0.0,0.0,0.0,0.0,0.0,0.0,0.0
Gian Robert Mamuyac,ROS,18.0,25.2,12.2,4.6,9.2,0.5,0.4,2.3,0.171,2.6,4.0,0.653,0.8,2.5,3.3,2.9,1.2,0.3,1.1,2.6,53.0,5.0,453.0,220.0,60.0,21.0,19.3,0.9,10.3,106.1,153.3,3.4,113.4,16.2,3.1,1.3,2.3,9.2,6.9,0.556,132.4,20.4,7.3,0.521,0.0,0.0,0.0,0.0,0.0,0.0,0.0,0.0,0.0,0.0,0.0,0.0,0.0,0.0,0.0,0.0,0.0,0.0,0.0
Zavier Lucero,NPB,12.0,26.9,12.1,4.7,9.9,0.471,0.7,2.6,0.258,2.1,2.9,0.714,1.8,3.6,5.4,2.0,1.2,1.0,1.1,3.1,24.0,12.0,322.6,145.0,65.0,14.0,12.7,3.4,14.3,106.7,115.4,7.2,111.6,16.3,0.9,1.2,2.2,8.8,10.7,0.539,144.3,19.9,4.9,0.504,0.0,0.0,0.0,0.0,0.0,0.0,0.0,0.0,0.0,0.0,0.0,0.0,0.0,0.0,0.0,0.0,0.0,0.0,0.0
Christopher Banchero,MER,26.0,29.1,12.0,4.9,11.3,0.432,1.0,3.6,0.29,1.2,1.9,0.633,0.9,3.2,4.1,3.8,0.6,0.0,1.8,2.2,99.0,0.0,756.3,312.0,106.0,15.0,24.2,0.0,12.4,104.4,197.6,3.5,102.7,13.5,2.7,1.1,1.1,13.0,7.8,0.494,135.5,23.0,-1.8,0.478,0.0,0.0,0.0,0.0,0.0,0.0,0.0,0.0,0.0,0.0,0.0,0.0,0.0,0.0,0.0,0.0,0.0,0.0,0.0
Kelly Williams,TNT,12.0,28.7,11.8,4.3,10.6,0.402,1.1,4.1,0.265,2.3,3.3,0.675,1.3,6.6,7.8,1.4,0.5,0.1,1.5,2.2,17.0,1.0,343.9,142.0,94.0,6.0,8.2,0.3,24.5,105.4,99.0,5.0,99.3,12.2,-1.9,1.1,0.9,11.1,15.0,0.491,134.2,21.5,-6.1,0.453,0.0,0.0,0.0,0.0,0.0,0.9,0.4,4.0,0.3,0.158,32.0,6.0,0.0,0.3,0.0,0.0,6.0,0.5,0.5
George Isaac Go,DYIP,14.0,32.1,11.7,4.6,10.8,0.424,1.8,4.9,0.368,0.8,1.4,0.579,1.6,5.4,7.1,1.6,0.5,1.1,2.1,3.7,23.0,16.0,449.6,164.0,99.0,7.0,8.6,3.1,18.4,110.2,114.6,6.0,98.4,11.3,-3.1,1.1,0.8,15.4,12.5,0.515,137.0,19.5,-11.8,0.507,0.0,0.0,0.0,0.0,0.0,0.8,0.3,1.0,0.1,0.176,22.0,7.0,0.0,0.2,0.0,0.0,7.0,0.3,0.5
Joshua Munzon,NPB,12.0,28.7,11.6,4.2,10.4,0.4,0.9,3.8,0.239,2.3,2.8,0.824,0.8,3.4,4.3,3.6,2.8,0.3,2.1,2.7,43.0,3.0,344.2,139.0,51.0,33.0,20.4,0.8,12.8,103.0,111.3,3.1,98.8,14.4,1.0,1.1,4.8,15.2,7.9,0.497,146.3,20.9,-4.1,0.444,0.0,0.0,0.0,0.0,0.0,0.0,0.0,0.0,0.0,0.0,0.0,0.0,0.0,0.0,0.0,0.0,0.0,0.0,0.0
Terrence Romeo,SMB,20.0,22.5,11.6,4.7,12.4,0.379,1.3,4.5,0.289,0.9,1.4,0.63,0.1,1.9,2.0,2.9,0.3,0.1,1.3,1.8,58.0,1.0,450.5,231.0,39.0,6.0,21.0,0.2,8.5,111.1,86.1,0.5,97.0,11.2,2.8,0.9,0.7,9.1,4.6,0.444,129.8,28.3,-14.1,0.431,0.0,0.0,0.0,0.0,0.0,0.0,0.0,0.0,0.0,0.0,0.0,0.0,0.0,0.0,0.0,0.0,0.0,0.0,0.0
Marcio Lassiter,SMB,23.0,30.3,11.5,4.0,8.8,0.455,2.6,5.4,0.48,0.9,1.1,0.808,0.5,2.7,3.2,2.0,0.6,0.3,1.0,2.2,45.0,8.0,696.3,265.0,73.0,14.0,9.7,1.1,9.1,109.8,180.5,1.9,124.2,13.5,1.0,1.3,1.1,9.7,5.6,0.621,174.3,15.2,14.4,0.604,0.0,0.0,0.0,0.0,0.0,0.0,0.0,0.0,0.0,0.0,0.0,0.0,0.0,0.0,0.0,0.0,0.0,0.0,0.0
Aaron Black,MER,10.0,27.1,11.4,4.5,11.2,0.402,1.8,4.0,0.45,0.6,0.9,0.667,0.5,4.1,4.6,3.6,0.7,0.2,0.9,1.6,36.0,2.0,270.9,114.0,46.0,7.0,24.5,0.8,17.6,99.1,90.4,2.0,106.6,15.0,5.8,1.0,1.4,7.2,9.5,0.492,151.8,21.9,7.5,0.482,0.0,0.0,0.0,0.0,0.0,0.0,0.0,0.0,0.0,0.0,0.0,0.0,0.0,0.0,0.0,0.0,0.0,0.0,0.0
Rey Nambatac,BLAC,11.0,23.7,11.1,3.5,9.6,0.358,0.9,3.5,0.263,3.3,4.2,0.783,0.9,1.9,2.8,4.4,1.0,0.0,1.5,2.4,48.0,0.0,260.3,122.0,31.0,11.0,31.4,0.0,9.5,107.3,81.0,3.9,106.9,15.8,6.3,1.2,2.2,11.2,6.5,0.483,140.4,25.0,-0.3,0.406,0.0,0.0,0.0,0.0,0.0,3.0,0.2,1.0,0.4,0.222,27.0,7.0,0.4,0.7,0.0,0.0,4.0,0.6,0.364
Deschon Winston,XERS,11.0,22.7,11.1,3.7,9.3,0.402,0.8,1.9,0.429,2.8,3.9,0.721,1.2,3.6,4.8,1.9,0.7,0.2,1.3,1.1,21.0,2.0,249.2,122.0,53.0,8.0,15.9,0.7,17.2,112.7,83.4,5.5,105.6,16.1,0.0,1.2,1.7,10.4,11.3,0.504,155.1,24.7,-7.0,0.446,0.0,0.0,0.0,0.0,0.0,0.0,0.0,0.0,0.0,0.0,0.0,0.0,0.0,0.0,0.0,0.0,0.0,0.0,0.0
Andrei Caracut,ROS,18.0,27.1,10.9,3.6,9.2,0.388,1.8,5.1,0.352,2.0,3.1,0.643,0.3,1.9,2.3,4.3,0.1,0.1,2.1,1.6,78.0,1.0,487.4,196.0,41.0,2.0,24.3,0.2,7.4,112.1,112.5,1.3,100.3,9.8,2.6,1.2,0.2,16.7,4.4,0.517,138.2,19.9,-11.8,0.485,0.0,0.0,0.0,0.0,0.0,2.1,0.2,2.0,0.3,0.207,21.0,10.0,0.1,0.1,0.0,0.0,8.0,0.3,0.444
Anthony Semerad,NLEX,13.0,29.3,10.2,3.4,7.6,0.444,2.0,5.2,0.388,1.5,1.8,0.826,1.1,2.9,4.0,1.0,0.7,0.1,1.2,3.4,13.0,1.0,380.6,133.0,52.0,9.0,6.1,0.3,11.9,111.4,77.6,4.1,113.8,11.2,-2.0,1.3,1.3,12.8,7.8,0.609,165.9,15.5,2.5,0.576,0.0,0.0,0.0,0.0,0.0,0.8,0.2,1.0,0.2,0.134,22.0,7.0,0.5,0.6,0.0,0.0,6.0,0.7,0.462
Cade Flores,NPB,12.0,27.0,10.1,4.3,6.0,0.722,0.1,0.3,0.25,1.3,2.1,0.64,1.9,5.6,7.5,2.3,1.2,0.2,1.4,2.9,27.0,2.0,323.7,121.0,90.0,14.0,13.9,0.6,22.2,105.7,139.4,7.5,129.3,17.7,0.3,1.7,2.1,17.0,14.8,0.729,161.2,13.4,23.6,0.729,0.0,0.0,0.0,0.0,1.0,1.6,0.4,2.0,0.3,0.178,21.0,7.0,0.8,0.8,0.0,0.0,5.0,1.2,0.417
Paul Lee Dalistan,SHOT,12.0,28.9,10.0,2.7,8.3,0.323,1.3,5.1,0.262,3.3,3.8,0.889,0.6,3.6,4.2,3.3,0.4,0.1,1.8,2.1,39.0,1.0,347.0,120.0,50.0,5.0,18.8,0.3,14.7,105.5,79.6,2.3,105.5,10.6,1.5,1.2,0.8,15.0,8.4,0.505,147.4,18.5,0.0,0.404,0.0,0.0,0.0,0.0,0.0,0.0,0.0,0.0,0.0,0.0,0.0,0.0,0.0,0.0,0.0,0.0,0.0,0.0,0.0
Kier Quinto,MER,26.0,25.3,9.7,3.6,8.4,0.431,1.2,3.2,0.357,1.3,1.8,0.729,0.7,2.8,3.5,2.2,0.5,0.1,1.5,1.8,57.0,3.0,658.9,253.0,91.0,12.0,15.3,0.5,12.4,104.4,155.5,3.2,104.8,12.5,0.0,1.2,1.0,13.7,7.7,0.529,151.8,20.1,0.4,0.5,0.0,0.0,0.0,0.0,0.0,0.0,0.0,0.0,0.0,0.0,0.0,0.0,0.0,0.0,0.0,0.0,0.0,0.0,0.0
Clifford Hodge,MER,26.0,33.9,9.7,4.2,8.5,0.495,0.0,0.1,0.0,1.3,2.1,0.636,3.5,4.4,7.9,2.2,0.9,1.0,1.7,3.4,58.0,27.0,882.1,253.0,205.0,24.0,11.2,3.1,14.7,100.8,263.4,11.3,108.1,14.2,-0.8,1.2,1.5,15.6,13.0,0.518,113.2,15.7,7.3,0.495,0.0,0.0,0.0,1.0,0.0,1.3,1.5,5.0,0.3,0.188,25.0,10.0,0.9,0.5,0.0,0.0,16.0,2.4,0.615
Ricci Paolo Rivero,FUEL,11.0,16.9,9.7,3.0,8.2,0.367,0.5,2.5,0.185,3.3,4.9,0.667,0.6,1.5,2.1,1.5,0.5,0.2,1.2,2.5,17.0,2.0,185.8,107.0,23.0,6.0,16.9,1.0,9.0,109.3,36.8,4.3,97.1,12.9,-0.9,1.2,1.7,10.3,6.7,0.47,121.9,30.8,-12.1,0.394,0.0,0.0,0.0,0.0,0.0,0.0,0.0,0.0,0.0,0.0,0.0,0.0,0.0,0.0,0.0,0.0,0.0,0.0,0.0
Robbie Herndon,NLEX,12.0,23.3,9.7,3.3,8.3,0.39,2.3,5.4,0.415,0.9,1.7,0.55,0.6,3.6,4.2,1.2,0.5,0.0,0.6,1.2,14.0,0.0,280.0,116.0,50.0,6.0,9.4,0.0,18.5,110.9,78.8,2.8,108.4,13.3,0.9,1.2,1.2,6.0,10.3,0.533,135.5,19.6,-2.5,0.525,0.0,0.0,0.0,0.0,0.0,2.0,0.1,1.0,0.2,0.137,25.0,7.0,0.3,0.9,0.0,0.0,5.0,0.5,0.417
R.J. Jazul,FUEL,11.0,20.5,9.6,2.8,7.8,0.36,2.1,6.6,0.315,1.9,2.4,0.808,0.4,1.5,1.9,1.8,0.8,0.0,1.2,1.6,20.0,0.0,225.4,106.0,21.0,9.0,15.3,0.0,7.9,109.6,55.5,2.0,106.7,13.2,0.1,1.2,2.1,11.8,5.1,0.544,148.3,22.2,-2.9,0.494,0.0,0.0,0.0,0.0,0.0,0.0,0.0,0.0,0.0,0.0,0.0,0.0,0.0,0.0,0.0,0.0,0.0,0.0,0.0
Aris Dionisio,SHOT,9.0,24.2,9.6,3.4,7.6,0.456,1.9,4.0,0.472,0.8,0.9,0.875,1.7,4.1,5.8,0.6,0.6,0.4,0.9,3.1,5.0,4.0,217.4,86.0,52.0,5.0,4.0,2.2,20.6,101.9,66.8,8.2,119.4,15.0,-2.2,1.3,1.3,10.1,14.3,0.601,180.3,16.9,17.5,0.581,0.0,0.0,0.0,0.0,0.0,0.6,0.3,1.0,0.1,0.117,22.0,4.0,0.5,0.6,0.0,0.0,5.0,0.8,0.556
Scottie Thompson,BGK,13.0,37.0,9.5,3.5,10.5,0.336,1.5,4.5,0.322,1.0,1.9,0.52,2.5,5.5,8.0,5.2,2.1,1.0,2.2,2.8,68.0,13.0,480.6,124.0,104.0,27.0,23.7,2.4,15.2,94.2,158.6,7.5,96.5,13.0,3.6,0.9,3.2,16.4,11.5,0.419,117.8,17.1,2.4,0.405,0.0,0.0,0.0,0.0,2.0,2.3,1.2,5.0,0.2,0.264,20.0,5.0,-0.1,0.9,0.0,0.0,8.0,1.1,0.615
Jericho Cruz,SMB,21.0,23.6,9.3,3.4,8.5,0.402,0.6,2.7,0.232,1.8,2.2,0.809,0.9,1.8,2.7,1.7,0.6,0.1,1.0,1.9,35.0,2.0,496.1,195.0,56.0,12.0,10.9,0.4,8.1,110.2,97.1,3.9,105.2,11.5,0.3,1.1,1.3,9.9,6.0,0.488,144.3,20.1,-5.0,0.439,0.0,0.0,0.0,0.0,0.0,0.0,0.0,0.0,0.0,0.0,0.0,0.0,0.0,0.0,0.0,0.0,0.0,0.0,0.0
Stanley Pringle,BGK,19.0,22.9,9.3,3.7,8.5,0.435,1.5,3.8,0.397,0.4,0.8,0.438,0.6,2.1,2.6,1.7,1.1,0.1,1.2,1.4,32.0,2.0,435.5,176.0,50.0,20.0,14.0,0.4,9.5,100.6,108.0,2.8,103.0,12.9,-0.2,1.1,2.5,11.6,6.2,0.524,127.0,20.2,2.4,0.525,0.0,0.0,0.0,0.0,0.0,0.0,0.0,0.0,0.0,0.0,0.0,0.0,0.0,0.0,0.0,0.0,0.0,0.0,0.0
William Raniel Navarro,NPB,10.0,24.8,9.2,3.2,9.1,0.352,0.7,2.7,0.259,2.1,3.2,0.656,2.2,4.9,7.1,1.5,0.4,1.4,1.8,2.7,15.0,14.0,248.3,92.0,71.0,4.0,9.7,5.1,20.7,107.0,72.0,9.2,90.5,10.9,-3.1,1.0,0.8,14.6,14.9,0.438,126.7,21.7,-16.5,0.39,0.0,0.0,0.0,0.0,0.0,0.8,0.2,2.0,0.4,0.128,17.0,7.0,-0.3,0.2,0.0,0.0,3.0,0.0,0.3
Jhan Nermal,NLEX,10.0,16.9,9.2,3.0,8.2,0.366,0.9,2.7,0.333,2.3,3.2,0.719,1.4,1.4,2.8,0.2,0.1,0.2,0.8,1.2,2.0,2.0,168.7,92.0,28.0,1.0,2.2,1.2,9.8,114.7,34.0,9.2,100.2,12.8,-4.0,1.1,0.3,7.7,9.5,0.479,141.8,28.3,-14.4,0.421,0.0,0.0,0.0,0.0,0.0,0.0,0.0,0.0,0.0,0.0,0.0,0.0,0.0,0.0,0.0,0.0,0.0,0.0,0.0
Christian David,BLAC,11.0,24.7,9.2,3.7,9.4,0.398,1.0,3.9,0.256,0.7,1.5,0.471,1.5,5.0,6.5,1.0,0.5,0.5,1.3,1.1,11.0,5.0,271.2,101.0,72.0,6.0,7.0,1.8,23.9,104.9,77.6,6.4,92.3,11.5,-2.5,1.0,1.2,11.2,14.5,0.457,112.4,21.0,-12.6,0.451,0.0,0.0,0.0,0.0,0.0,0.8,0.3,2.0,0.2,0.134,26.0,7.0,-0.2,0.4,0.0,0.0,4.0,0.1,0.364
Rey Anthony Suerte,BLAC,11.0,21.9,9.0,3.6,7.1,0.513,1.0,2.9,0.344,0.7,1.5,0.471,0.3,3.2,3.5,2.6,0.6,0.5,0.7,1.9,29.0,5.0,241.4,99.0,38.0,7.0,21.2,2.0,17.1,105.5,85.9,1.3,117.4,16.5,4.8,1.3,1.5,8.6,8.6,0.579,132.7,17.7,11.8,0.583,0.0,0.0,0.0,0.0,0.0,0.0,0.0,0.0,0.0,0.0,0.0,0.0,0.0,0.0,0.0,0.0,0.0,0.0,0.0
Allyn Bulanadi,NPB,12.0,13.4,8.6,3.1,7.8,0.398,0.5,2.5,0.2,1.9,2.2,0.885,0.3,0.9,1.3,1.4,0.8,0.1,0.7,0.9,17.0,1.0,160.6,103.0,15.0,9.0,19.9,0.6,7.3,109.4,49.3,2.6,103.1,16.9,2.0,1.1,2.8,7.1,5.0,0.493,148.2,30.4,-6.3,0.43,0.0,0.0,0.0,0.0,0.0,0.0,0.0,0.0,0.0,0.0,0.0,0.0,0.0,0.0,0.0,0.0,0.0,0.0,0.0
Javee Mocon,FUEL,11.0,26.5,8.5,3.3,7.5,0.434,0.5,1.5,0.375,1.4,2.1,0.652,1.7,4.7,6.5,2.3,1.7,0.7,2.5,2.3,25.0,8.0,291.8,93.0,71.0,19.0,14.4,2.6,18.5,101.1,91.6,7.4,91.6,12.5,-3.8,1.1,3.4,23.1,13.2,0.499,146.1,18.7,-9.4,0.47,0.0,0.0,0.0,0.0,0.0,0.0,0.0,0.0,0.0,0.0,0.0,0.0,0.0,0.0,0.0,0.0,0.0,0.0,0.0
Glenn Khobuntin,TNT,14.0,28.0,8.4,3.1,7.6,0.402,1.1,3.6,0.3,1.1,1.9,0.593,1.9,2.8,4.7,1.0,0.2,0.3,1.0,3.1,14.0,4.0,392.2,117.0,66.0,3.0,5.6,1.0,10.7,111.3,67.9,7.8,104.3,8.6,-1.2,1.1,0.4,10.5,9.3,0.492,129.4,15.4,-7.1,0.472,0.0,0.0,0.0,0.0,0.0,0.0,0.0,0.0,0.0,0.0,0.0,0.0,0.0,0.0,0.0,0.0,0.0,0.0,0.0
Jayjay Alejandro,FUEL,11.0,16.5,8.3,2.6,6.5,0.403,1.4,4.5,0.306,1.6,1.9,0.857,0.1,1.6,1.7,2.9,0.5,0.0,1.3,1.7,32.0,0.0,181.0,91.0,19.0,6.0,31.7,0.0,10.4,109.3,58.1,0.6,110.4,15.7,4.0,1.3,1.7,14.7,5.7,0.56,156.6,23.8,1.2,0.507,0.0,0.0,0.0,0.0,0.0,0.0,0.0,0.0,0.0,0.0,0.0,0.0,0.0,0.0,0.0,0.0,0.0,0.0,0.0
Moala Tautuaa,SMB,22.0,20.3,8.1,3.1,6.4,0.493,0.5,1.4,0.4,1.3,2.0,0.674,1.6,3.3,4.9,1.2,0.4,0.6,1.0,2.7,27.0,13.0,447.5,179.0,108.0,8.0,9.5,2.7,16.6,105.6,144.9,8.7,116.2,15.7,-0.7,1.3,0.9,11.7,12.8,0.563,156.7,18.1,10.6,0.536,0.0,0.0,0.0,0.0,0.0,0.0,0.0,0.0,0.0,0.0,0.0,0.0,0.0,0.0,0.0,0.0,0.0,0.0,0.0
James Kwekuteye,BLAC,11.0,17.7,8.1,3.0,7.1,0.423,1.1,3.9,0.279,1.0,1.0,1.0,0.3,1.3,1.5,1.5,0.5,0.1,0.5,1.2,16.0,1.0,194.8,89.0,17.0,5.0,14.5,0.5,8.4,109.3,49.4,1.6,111.4,14.0,2.4,1.1,1.4,6.8,4.7,0.537,170.2,20.8,2.1,0.5,0.0,0.0,0.0,0.0,0.0,0.0,0.0,0.0,0.0,0.0,0.0,0.0,0.0,0.0,0.0,0.0,0.0,0.0,0.0
Raymond Almazan,MER,23.0,21.5,8.0,3.3,7.5,0.439,0.5,1.0,0.458,1.0,1.3,0.759,2.3,4.4,6.7,0.7,0.2,0.6,0.7,3.6,16.0,14.0,494.6,185.0,154.0,5.0,5.9,2.8,23.1,98.0,150.6,11.7,109.7,15.0,-1.2,1.1,0.6,7.9,17.3,0.498,165.6,19.6,11.7,0.471,0.0,0.0,0.0,0.0,0.0,1.0,1.0,2.0,0.2,0.119,17.0,8.0,0.7,0.3,0.0,0.0,15.0,1.7,0.652
Louis Cu,BGK,18.0,26.6,7.9,2.8,6.4,0.443,1.9,4.7,0.417,0.3,0.4,0.75,0.7,2.5,3.2,2.4,0.4,0.3,0.9,1.8,44.0,5.0,479.3,143.0,57.0,7.0,15.7,1.0,9.9,104.3,122.5,2.7,119.9,11.8,2.7,1.2,0.8,12.5,6.4,0.603,161.0,13.0,15.6,0.596,0.0,0.0,0.0,0.0,0.0,2.6,0.6,1.0,0.1,0.159,24.0,8.0,0.8,0.4,0.0,0.0,10.0,1.4,0.556
John Calma,NPB,7.0,17.2,7.9,3.4,5.9,0.585,0.0,0.0,0.0,1.0,1.1,0.875,2.3,2.7,5.0,1.0,0.3,0.1,1.1,2.4,7.0,1.0,120.2,55.0,35.0,2.0,10.6,0.8,16.9,104.7,45.0,14.0,116.7,16.8,-2.6,1.3,0.8,15.2,15.4,0.618,146.0,18.7,12.0,0.585,0.0,0.0,0.0,0.0,0.0,0.9,0.1,1.0,0.2,0.119,22.0,3.0,0.3,0.3,0.0,0.0,4.0,0.4,0.571
Regile Ilagan,BLAC,11.0,16.5,7.8,2.7,6.5,0.417,1.4,4.2,0.326,1.0,1.1,0.917,0.4,2.7,3.1,3.4,0.9,0.1,1.1,2.0,37.0,1.0,181.0,86.0,34.0,10.0,35.9,0.5,19.5,102.7,79.0,2.2,114.6,19.4,7.1,1.2,2.9,13.4,10.2,0.556,165.9,22.6,11.8,0.521,0.0,0.0,0.0,0.0,0.0,0.0,0.0,0.0,0.0,0.0,0.0,0.0,0.0,0.0,0.0,0.0,0.0,0.0,0.0
Kim Aurin,TNT,14.0,16.0,7.7,2.6,5.3,0.5,1.4,2.9,0.463,1.1,1.4,0.75,0.3,1.5,1.8,0.9,0.3,0.3,0.8,1.7,13.0,4.0,223.8,108.0,25.0,4.0,10.1,1.7,10.0,109.9,62.8,2.0,121.2,15.5,-1.0,1.5,0.9,11.7,6.1,0.652,171.3,19.0,11.3,0.628,0.0,0.0,0.0,0.0,0.0,0.0,0.0,0.0,0.0,0.0,0.0,0.0,0.0,0.0,0.0,0.0,0.0,0.0,0.0
Enoch Valdez,NLEX,13.0,19.5,7.7,2.9,7.0,0.418,0.5,2.4,0.194,1.4,2.5,0.545,1.5,2.8,4.3,0.4,0.8,0.2,1.1,1.8,5.0,2.0,253.2,100.0,56.0,10.0,3.8,0.8,17.5,107.5,57.6,8.3,94.3,11.7,-4.4,1.1,2.1,11.7,12.7,0.474,115.7,22.3,-13.2,0.451,0.0,0.0,0.0,0.0,0.0,0.0,0.0,0.0,0.0,0.0,0.0,0.0,0.0,0.0,0.0,0.0,0.0,0.0,0.0
Keith Datu,ROS,11.0,20.3,7.5,2.5,7.0,0.364,1.1,4.3,0.255,1.4,2.0,0.682,1.5,2.5,4.1,0.9,0.3,0.7,0.6,2.1,10.0,8.0,223.6,83.0,45.0,3.0,6.8,2.9,13.5,111.2,57.5,7.8,103.3,11.2,-0.1,1.1,0.7,7.5,10.6,0.479,130.1,18.0,-7.9,0.442,0.0,0.0,0.0,0.0,0.0,0.0,0.0,0.0,0.0,0.0,0.0,0.0,0.0,0.0,0.0,0.0,0.0,0.0,0.0
Dominic Fajardo,NLEX,11.0,19.1,7.5,3.0,4.9,0.611,0.3,0.5,0.6,1.2,2.3,0.52,1.3,2.0,3.3,1.4,0.9,0.6,0.6,3.1,15.0,7.0,209.9,82.0,36.0,10.0,13.8,3.2,12.6,107.2,70.6,7.5,125.6,18.1,1.5,1.5,2.6,9.7,10.0,0.631,173.1,16.4,18.4,0.639,0.0,0.0,0.0,0.0,0.0,0.0,0.0,0.0,0.0,0.0,0.0,0.0,0.0,0.0,0.0,0.0,0.0,0.0,0.0
Paul Christian Zamar,NPB,12.0,18.0,7.2,2.4,5.3,0.453,1.3,2.8,0.441,1.1,1.7,0.65,0.8,1.0,1.8,1.7,0.6,0.1,0.8,1.9,20.0,1.0,216.4,86.0,21.0,7.0,14.8,0.4,6.0,112.3,56.0,4.4,116.6,12.9,1.9,1.3,1.6,11.0,5.2,0.591,154.4,16.5,4.3,0.57,0.0,0.0,0.0,0.0,0.0,0.0,0.0,0.0,0.0,0.0,0.0,0.0,0.0,0.0,0.0,0.0,0.0,0.0,0.0
Jiovani Jalalon,SHOT,10.0,21.4,7.1,2.5,6.7,0.373,0.3,1.3,0.231,1.8,2.0,0.9,0.8,3.6,4.4,4.2,1.6,0.0,1.8,3.0,42.0,0.0,214.3,71.0,44.0,16.0,32.3,0.0,20.0,96.4,73.3,4.3,101.7,14.5,4.8,1.1,4.0,19.2,12.0,0.468,150.4,19.8,5.2,0.396,0.0,0.0,0.0,0.0,1.0,2.3,0.5,1.0,0.3,0.193,15.0,4.0,0.1,0.9,0.0,0.0,6.0,0.6,0.6
Fredrick Tungcab,BLAC,10.0,15.1,7.0,2.7,6.5,0.415,1.3,3.4,0.382,0.3,0.8,0.375,0.4,2.0,2.4,2.2,1.2,0.1,1.1,1.7,22.0,1.0,151.1,70.0,24.0,12.0,25.6,0.6,15.5,101.3,52.8,2.6,101.2,16.4,2.5,1.1,4.2,13.8,8.5,0.511,117.3,24.0,-0.1,0.515,0.0,0.0,0.0,0.0,0.0,0.0,0.0,0.0,0.0,0.0,0.0,0.0,0.0,0.0,0.0,0.0,0.0,0.0,0.0
Brandon Rosser,TNT,13.0,20.6,6.5,2.2,5.2,0.426,0.2,1.3,0.176,1.8,3.8,0.48,1.5,3.8,5.3,0.8,0.5,1.2,1.1,3.1,11.0,16.0,267.5,85.0,69.0,6.0,6.6,5.6,19.7,103.5,71.0,8.4,97.4,11.4,-2.5,1.3,1.2,13.5,14.2,0.472,108.3,17.7,-6.1,0.449,0.0,0.0,0.0,0.0,0.0,0.8,0.4,1.0,0.7,0.088,15.0,6.0,0.0,0.4,0.0,0.0,7.0,0.4,0.538
Bradwyn Guinto,BLAC,11.0,22.6,6.4,2.8,5.0,0.564,0.0,0.0,0.0,0.7,1.4,0.533,1.9,3.5,5.4,1.5,0.4,0.5,1.2,3.5,17.0,6.0,249.0,70.0,59.0,4.0,11.2,2.3,17.9,106.4,67.6,8.5,110.0,12.0,-0.7,1.3,0.9,17.4,12.9,0.568,109.7,13.7,3.6,0.564,0.0,0.0,0.0,0.0,0.0,0.0,0.0,0.0,0.0,0.0,0.0,0.0,0.0,0.0,0.0,0.0,0.0,0.0,0.0
Michael Miranda,NLEX,12.0,18.5,6.2,2.2,5.0,0.433,1.1,2.1,0.52,0.8,1.0,0.75,0.3,2.7,3.0,0.9,0.2,0.2,0.8,2.8,11.0,2.0,221.5,74.0,36.0,2.0,8.8,0.9,17.0,109.5,41.5,2.0,107.5,9.5,-0.8,1.2,0.5,12.1,9.4,0.567,170.3,15.9,-1.9,0.542,0.0,0.0,0.0,0.0,0.0,0.0,0.0,0.0,0.0,0.0,0.0,0.0,0.0,0.0,0.0,0.0,0.0,0.0,0.0
Anton Asistio,ROS,16.0,12.0,6.1,2.1,5.6,0.378,1.3,4.1,0.303,0.6,0.8,0.833,0.3,1.0,1.3,1.4,0.4,0.0,0.4,1.2,23.0,0.0,191.8,98.0,20.0,6.0,19.3,0.0,8.6,108.9,55.5,2.2,108.6,13.8,4.5,1.1,1.5,5.9,5.4,0.514,151.4,22.5,-0.2,0.489,0.0,0.0,0.0,0.0,0.0,0.0,0.0,0.0,0.0,0.0,0.0,0.0,0.0,0.0,0.0,0.0,0.0,0.0,0.0
Mark Sangalang,DYIP,14.0,17.3,6.0,2.2,4.3,0.517,0.1,0.3,0.25,1.5,2.1,0.724,1.1,2.2,3.3,1.3,0.2,0.3,1.1,2.3,18.0,4.0,241.9,84.0,46.0,3.0,12.2,1.5,14.0,113.1,60.4,7.3,111.6,12.5,-1.3,1.4,0.7,17.1,10.8,0.577,149.1,16.9,-1.5,0.525,0.0,0.0,0.0,0.0,0.0,0.0,0.0,0.0,0.0,0.0,0.0,0.0,0.0,0.0,0.0,0.0,0.0,0.0,0.0
King Caralipio,XERS,11.0,21.7,6.0,2.2,5.0,0.436,0.8,2.4,0.346,0.8,1.0,0.818,1.8,4.4,6.2,0.9,0.5,0.2,1.1,2.3,10.0,2.0,238.3,66.0,68.0,5.0,7.1,0.8,21.6,112.2,69.1,8.9,108.6,11.5,-2.2,1.2,1.1,16.7,15.2,0.551,160.1,13.7,-3.7,0.518,0.0,0.0,0.0,0.0,0.0,0.0,0.0,0.0,0.0,0.0,0.0,0.0,0.0,0.0,0.0,0.0,0.0,0.0,0.0
Kemark Carino,DYIP,12.0,21.4,5.8,2.3,5.8,0.4,0.6,2.8,0.206,0.5,0.7,0.75,1.7,2.6,4.3,0.6,0.6,2.2,0.6,3.1,7.0,26.0,257.1,69.0,51.0,7.0,4.4,8.8,13.3,107.9,71.3,9.0,104.0,12.7,-0.9,1.0,1.5,8.7,11.2,0.469,135.6,14.7,-3.9,0.45,0.0,0.0,0.0,0.0,0.0,0.0,0.0,0.0,0.0,0.0,0.0,0.0,0.0,0.0,0.0,0.0,0.0,0.0,0.0
Richard Rodger,NLEX,10.0,22.4,5.6,1.9,6.1,0.311,0.9,3.7,0.243,0.9,0.9,1.0,0.4,2.7,3.1,1.9,0.5,0.3,0.6,1.4,19.0,3.0,224.0,56.0,31.0,5.0,14.3,1.3,14.7,111.3,45.1,2.0,95.9,8.4,3.1,0.9,1.2,8.5,8.0,0.431,155.5,15.2,-15.4,0.385,0.0,0.0,0.0,0.0,0.0,0.0,0.0,0.0,0.0,0.0,0.0,0.0,0.0,0.0,0.0,0.0,0.0,0.0,0.0
Mark Borboran,ROS,15.0,16.3,5.6,2.2,3.7,0.589,0.3,1.0,0.333,0.9,0.9,0.929,0.7,2.3,3.0,1.1,0.7,0.7,0.5,1.1,17.0,10.0,244.4,84.0,45.0,11.0,10.6,3.4,14.6,103.0,95.8,4.7,131.9,16.5,1.6,1.5,2.2,10.1,9.7,0.676,185.1,12.1,28.8,0.634,0.0,0.0,0.0,0.0,0.0,0.0,0.0,0.0,0.0,0.0,0.0,0.0,0.0,0.0,0.0,0.0,0.0,0.0,0.0
Fran Louie Yu,NPB,12.0,15.5,5.4,1.6,5.1,0.311,0.7,3.1,0.216,1.6,2.1,0.76,0.4,1.5,1.9,3.8,1.4,0.0,1.0,2.3,46.0,0.0,185.8,65.0,23.0,17.0,37.6,0.0,10.4,104.5,65.9,2.8,104.2,14.7,9.5,1.1,4.5,14.3,6.6,0.451,128.8,19.7,-0.2,0.377,0.0,0.0,0.0,0.0,0.0,0.0,0.0,0.0,0.0,0.0,0.0,0.0,0.0,0.0,0.0,0.0,0.0,0.0,0.0
Shaun Ildefonso,ROS,16.0,11.6,5.4,2.0,4.4,0.457,0.4,1.8,0.25,0.9,1.8,0.517,0.7,1.3,2.0,0.4,0.3,0.3,0.6,0.6,6.0,4.0,184.9,86.0,32.0,4.0,5.3,1.8,11.8,107.9,48.4,6.2,99.4,12.3,-3.0,1.2,1.1,10.8,9.0,0.52,122.4,21.4,-8.5,0.507,0.0,0.0,0.0,0.0,0.0,0.0,0.0,0.0,0.0,0.0,0.0,0.0,0.0,0.0,0.0,0.0,0.0,0.0,0.0
Joseph Matthew Nieto,NLEX,11.0,20.2,5.3,2.0,5.7,0.349,0.4,2.0,0.182,0.9,1.3,0.714,0.3,1.5,1.7,3.1,0.5,0.0,1.2,1.6,34.0,0.0,221.8,58.0,19.0,6.0,26.6,0.0,8.9,114.6,38.5,1.5,92.3,7.8,4.5,0.9,1.5,15.8,5.0,0.419,124.5,17.4,-22.2,0.381,0.0,0.0,0.0,0.0,0.0,0.0,0.0,0.0,0.0,0.0,0.0,0.0,0.0,0.0,0.0,0.0,0.0,0.0,0.0
Amer Baser,NLEX,12.0,19.1,5.3,2.0,5.2,0.387,0.8,3.0,0.278,0.4,0.8,0.5,0.3,1.3,1.6,1.8,0.3,0.1,1.3,2.3,22.0,1.0,229.6,63.0,19.0,4.0,16.7,0.4,7.8,113.2,26.0,1.9,90.6,6.0,-0.1,1.0,0.9,18.4,4.8,0.474,116.5,16.8,-22.5,0.468,0.0,0.0,0.0,0.0,0.0,0.0,0.0,0.0,0.0,0.0,0.0,0.0,0.0,0.0,0.0,0.0,0.0,0.0,0.0
James Laput,SHOT,11.0,14.1,5.2,2.0,3.8,0.524,0.0,0.0,0.0,1.2,1.6,0.722,0.8,1.8,2.6,0.5,0.1,0.1,1.0,2.1,5.0,1.0,155.0,57.0,29.0,1.0,6.0,0.8,15.4,104.7,27.3,6.6,102.8,10.1,-5.1,1.4,0.4,18.1,10.9,0.571,124.6,18.0,-1.9,0.524,0.0,0.0,0.0,0.0,0.0,0.0,0.0,0.0,0.0,0.0,0.0,0.0,0.0,0.0,0.0,0.0,0.0,0.0,0.0
Rome de la Rosa,SHOT,6.0,21.9,5.0,2.0,5.3,0.375,0.5,1.8,0.273,0.5,0.7,0.75,0.5,1.7,2.2,1.2,0.7,0.0,0.3,2.0,7.0,0.0,131.6,30.0,13.0,4.0,8.8,0.0,9.4,107.4,18.0,2.6,99.6,7.3,2.2,0.9,1.7,5.6,5.9,0.444,139.8,13.0,-7.8,0.422,0.0,0.0,0.0,0.0,0.0,0.0,0.0,0.0,0.0,0.0,0.0,0.0,0.0,0.0,0.0,0.0,0.0,0.0,0.0
Tyrus Hill,BLAC,11.0,19.0,5.0,2.1,4.8,0.434,0.1,1.0,0.091,0.7,0.8,0.889,1.3,1.9,3.2,0.9,0.9,0.5,1.0,2.1,10.0,5.0,208.8,55.0,35.0,10.0,7.7,2.3,11.8,104.4,44.1,6.8,96.8,10.1,-2.1,1.0,2.5,16.2,9.1,0.483,141.4,14.9,-7.6,0.443,0.0,0.0,0.0,0.0,0.0,0.0,0.0,0.0,0.0,0.0,0.0,0.0,0.0,0.0,0.0,0.0,0.0,0.0,0.0
Jeffrei Chan,NPB,8.0,14.0,5.0,2.0,4.6,0.432,0.6,1.9,0.333,0.4,0.9,0.429,0.0,1.1,1.1,1.3,1.0,0.1,0.8,0.3,10.0,1.0,111.8,40.0,9.0,8.0,14.6,0.8,8.9,108.5,28.4,0.0,93.6,11.3,0.6,1.1,3.6,13.0,4.4,0.499,119.4,18.1,-14.9,0.5,0.0,0.0,0.0,0.0,0.0,0.0,0.0,0.0,0.0,0.0,0.0,0.0,0.0,0.0,0.0,0.0,0.0,0.0,0.0
John De Los Santos,XERS,11.0,20.5,4.9,2.1,3.9,0.535,0.5,1.1,0.417,0.3,0.6,0.429,1.1,1.6,2.7,3.8,0.8,0.2,1.8,1.8,42.0,2.0,225.5,54.0,30.0,9.0,31.3,0.8,8.5,114.5,67.6,5.6,106.8,12.2,3.5,1.3,2.1,30.3,7.1,0.586,138.0,13.3,-7.6,0.593,0.0,0.0,0.0,0.0,0.0,0.0,0.0,0.0,0.0,0.0,0.0,0.0,0.0,0.0,0.0,0.0,0.0,0.0,0.0
Aljun Melecio,XERS,11.0,13.9,4.9,1.6,5.9,0.277,1.0,3.6,0.275,0.6,0.6,1.0,0.7,1.1,1.8,1.5,0.2,0.0,0.6,0.9,16.0,0.0,152.4,54.0,20.0,2.0,18.2,0.0,8.5,118.1,25.6,5.5,92.7,7.7,2.4,0.8,0.7,9.3,7.0,0.397,155.2,22.5,-25.4,0.362,0.0,0.0,0.0,0.0,0.0,0.0,0.0,0.0,0.0,0.0,0.0,0.0,0.0,0.0,0.0,0.0,0.0,0.0,0.0
Abu Jahal Tratter,SHOT,12.0,15.3,4.8,2.2,3.4,0.634,0.0,0.0,0.0,0.5,1.3,0.4,1.3,1.7,3.0,0.4,0.3,0.0,1.3,2.0,5.0,0.0,183.1,58.0,36.0,3.0,5.0,0.0,13.0,105.6,32.6,10.0,96.9,9.5,-7.2,1.4,0.9,25.2,11.5,0.609,103.4,16.0,-8.7,0.634,0.0,0.0,0.0,0.0,0.0,0.0,0.0,0.0,0.0,0.0,0.0,0.0,0.0,0.0,0.0,0.0,0.0,0.0,0.0
Matthew Daves,FUEL,10.0,13.6,4.8,1.9,2.7,0.704,0.0,0.0,0.0,1.0,1.8,0.556,0.8,1.5,2.3,0.3,0.2,0.3,0.5,0.7,3.0,3.0,135.5,48.0,23.0,2.0,3.8,2.1,11.9,109.8,39.8,6.7,125.7,14.4,-2.2,1.8,0.8,12.5,9.4,0.687,125.9,13.2,15.8,0.704,0.0,0.0,0.0,0.0,0.0,0.0,0.0,0.0,0.0,0.0,0.0,0.0,0.0,0.0,0.0,0.0,0.0,0.0,0.0
Henry Galinato,TNT,13.0,11.9,4.8,1.7,3.3,0.512,0.0,0.2,0.0,1.4,2.0,0.692,1.5,2.6,4.2,0.7,0.2,0.2,1.7,1.8,9.0,2.0,155.2,62.0,54.0,3.0,9.6,1.2,23.4,105.6,45.5,14.7,96.3,12.5,-10.1,1.4,1.0,28.8,19.2,0.569,120.4,22.4,-9.4,0.512,0.0,0.0,0.0,0.0,0.0,0.4,0.2,1.0,0.6,0.067,17.0,6.0,0.0,0.1,0.0,0.0,7.0,0.1,0.538
Gelo Alolino,DYIP,14.0,13.7,4.7,1.8,4.7,0.379,0.4,1.3,0.278,0.8,1.1,0.688,0.3,0.9,1.2,1.8,0.5,0.1,0.8,0.9,25.0,2.0,191.2,66.0,17.0,7.0,21.6,0.9,7.4,113.4,41.3,2.5,97.7,10.7,3.0,1.0,2.0,13.1,5.0,0.452,134.4,20.5,-15.7,0.417,0.0,0.0,0.0,0.0,0.0,0.0,0.0,0.0,0.0,0.0,0.0,0.0,0.0,0.0,0.0,0.0,0.0,0.0,0.0
Anjo Caram,MER,24.0,14.7,4.7,1.7,4.0,0.427,1.0,2.2,0.434,0.3,0.3,0.875,0.3,0.5,0.8,1.2,0.2,0.1,0.5,1.4,28.0,2.0,352.5,112.0,18.0,5.0,13.4,0.6,3.8,108.1,59.0,1.9,116.1,10.3,2.3,1.2,0.8,10.0,2.8,0.563,173.6,15.0,8.1,0.547,0.0,0.0,0.0,0.0,0.0,0.0,0.0,0.0,0.0,0.0,0.0,0.0,0.0,0.0,0.0,0.0,0.0,0.0,0.0
Sean Anthony,NLEX,10.0,14.4,4.6,1.4,5.5,0.255,0.2,1.9,0.105,1.6,2.2,0.727,1.0,2.3,3.3,0.8,0.7,0.0,1.0,2.3,8.0,0.0,144.1,46.0,33.0,7.0,9.9,0.0,20.0,106.8,17.3,7.4,78.0,5.7,-3.3,0.8,2.6,13.4,13.2,0.356,108.7,24.4,-28.8,0.273,0.0,0.0,0.0,0.0,0.0,0.0,0.0,0.0,0.0,0.0,0.0,0.0,0.0,0.0,0.0,0.0,0.0,0.0,0.0
Larry Muyang,FUEL,10.0,15.4,4.4,1.5,4.7,0.319,0.5,2.6,0.192,0.9,1.2,0.75,0.9,2.6,3.5,0.3,0.0,0.3,0.2,2.1,3.0,3.0,154.4,44.0,35.0,0.0,3.1,1.9,18.2,109.0,26.3,6.7,97.4,7.2,0.0,0.9,0.0,3.7,12.6,0.421,126.1,15.9,-11.6,0.372,0.0,0.0,0.0,0.0,0.0,0.0,0.0,0.0,0.0,0.0,0.0,0.0,0.0,0.0,0.0,0.0,0.0,0.0,0.0
Brandon Bates,MER,20.0,20.2,4.4,1.9,2.9,0.655,0.0,0.0,0.0,0.6,2.0,0.308,2.5,4.0,6.5,0.5,0.4,1.5,0.9,3.3,9.0,29.0,404.5,88.0,129.0,8.0,3.6,7.0,22.4,96.3,135.4,13.4,112.5,14.6,-2.9,1.5,1.1,18.4,17.8,0.585,96.3,11.0,16.3,0.655,0.0,0.0,0.0,0.0,0.0,0.0,0.0,0.0,0.0,0.0,0.0,0.0,0.0,0.0,0.0,0.0,0.0,0.0,0.0
Richard Escoto,BLAC,11.0,13.5,4.1,1.5,3.5,0.41,0.6,1.6,0.389,0.5,1.0,0.545,0.6,1.5,2.1,0.5,0.3,0.3,0.5,1.4,5.0,3.0,148.9,45.0,23.0,3.0,5.3,1.9,12.6,107.7,29.1,4.8,103.3,9.5,-1.1,1.2,1.1,10.2,8.4,0.513,134.5,15.0,-4.4,0.5,0.0,0.0,0.0,0.0,0.0,0.0,0.0,0.0,0.0,0.0,0.0,0.0,0.0,0.0,0.0,0.0,0.0,0.0,0.0
John Rodney Brondial,SMB,22.0,13.4,4.0,2.0,3.3,0.589,0.0,0.1,0.5,0.1,0.6,0.143,2.0,2.3,4.4,1.0,0.2,0.2,0.4,1.8,22.0,4.0,295.4,89.0,96.0,5.0,11.3,1.3,17.8,106.1,114.3,16.5,127.0,16.6,1.9,1.2,0.9,10.2,17.1,0.562,123.2,13.4,20.9,0.596,0.0,0.0,0.0,0.0,0.0,0.0,0.0,0.0,0.0,0.0,0.0,0.0,0.0,0.0,0.0,0.0,0.0,0.0,0.0
Philip Cahilig,DYIP,14.0,16.7,4.0,1.4,3.4,0.417,1.1,2.4,0.455,0.1,0.4,0.2,0.9,2.4,3.4,0.8,0.2,0.5,0.9,1.9,11.0,7.0,234.3,56.0,47.0,3.0,7.2,2.6,15.9,111.8,52.6,6.5,103.7,9.0,-2.0,1.2,0.7,19.3,11.4,0.558,107.1,12.4,-8.1,0.573,0.0,0.0,0.0,0.0,0.0,0.0,0.0,0.0,0.0,0.0,0.0,0.0,0.0,0.0,0.0,0.0,0.0,0.0,0.0
Jose Mendoza,MER,12.0,9.2,4.0,1.3,3.1,0.432,0.9,2.3,0.393,0.4,0.7,0.625,0.0,0.5,0.5,0.8,0.2,0.0,0.5,1.1,10.0,0.0,110.9,48.0,6.0,2.0,15.8,0.0,6.1,106.0,21.3,0.0,111.9,12.1,0.6,1.3,1.0,12.9,3.0,0.592,145.0,19.8,5.8,0.581,0.0,0.0,0.0,0.0,0.0,0.0,0.0,0.0,0.0,0.0,0.0,0.0,0.0,0.0,0.0,0.0,0.0,0.0,0.0
Jonathan Jed Mendoza,SHOT,12.0,15.0,3.8,1.3,3.3,0.375,0.6,1.9,0.304,0.7,0.9,0.727,0.3,0.9,1.3,1.6,0.7,0.0,0.8,1.2,19.0,0.0,180.4,45.0,15.0,8.0,17.4,0.0,7.3,104.3,34.1,2.5,103.3,9.2,2.1,1.1,2.4,16.7,4.9,0.502,140.7,13.7,-1.1,0.463,0.0,0.0,0.0,0.0,0.0,0.0,0.0,0.0,0.0,0.0,0.0,0.0,0.0,0.0,0.0,0.0,0.0,0.0,0.0
Joseph Eriobu,SHOT,12.0,9.4,3.7,1.4,3.3,0.425,0.5,1.5,0.333,0.3,0.6,0.571,0.5,0.8,1.3,0.1,0.4,0.0,0.4,1.4,1.0,0.0,113.4,44.0,15.0,5.0,1.6,0.0,9.5,103.2,16.6,6.1,100.2,9.9,-4.0,1.1,2.4,10.4,7.7,0.511,133.0,19.5,-3.0,0.5,0.0,0.0,0.0,0.0,0.0,0.0,0.0,0.0,0.0,0.0,0.0,0.0,0.0,0.0,0.0,0.0,0.0,0.0,0.0
Raffy Verano,FUEL,11.0,11.6,3.6,1.5,4.2,0.348,0.3,1.0,0.273,0.5,0.9,0.5,0.7,1.8,2.5,0.4,0.4,0.1,0.8,0.9,4.0,1.0,128.0,40.0,28.0,4.0,5.3,0.7,16.3,106.8,19.8,7.1,78.8,6.2,-4.9,0.9,1.6,15.2,11.9,0.397,112.1,21.0,-28.0,0.38,0.0,0.0,0.0,0.0,0.0,0.0,0.0,0.0,0.0,0.0,0.0,0.0,0.0,0.0,0.0,0.0,0.0,0.0,0.0
Nard Pinto,BGK,19.0,16.4,3.6,1.3,3.4,0.391,0.6,1.6,0.355,0.4,0.6,0.667,0.6,2.3,2.9,1.1,0.5,0.0,0.8,1.1,21.0,0.0,310.8,69.0,55.0,9.0,11.1,0.0,14.6,100.7,64.3,4.2,97.6,8.3,-0.7,1.1,1.6,18.8,9.5,0.498,141.2,12.7,-3.0,0.477,0.0,0.0,0.0,0.0,0.0,0.0,0.0,0.0,0.0,0.0,0.0,0.0,0.0,0.0,0.0,0.0,0.0,0.0,0.0
Chris Ross,SMB,23.0,24.6,3.6,1.1,3.6,0.313,0.9,3.0,0.304,0.4,0.6,0.643,0.2,2.3,2.5,3.0,1.3,0.2,1.0,1.4,68.0,4.0,565.9,82.0,58.0,29.0,15.9,0.7,9.9,106.1,121.5,0.8,103.0,8.2,4.1,1.0,2.7,19.8,5.4,0.46,126.0,8.8,-3.1,0.44,0.0,0.0,0.0,0.0,0.0,0.0,0.0,0.0,0.0,0.0,0.0,0.0,0.0,0.0,0.0,0.0,0.0,0.0,0.0
Nick Demusis,ROS,17.0,11.2,3.5,1.3,2.9,0.449,0.3,0.9,0.313,0.6,0.9,0.625,0.6,1.9,2.5,0.5,0.4,0.1,0.2,1.2,8.0,1.0,190.3,59.0,43.0,7.0,6.2,0.4,17.8,104.5,53.0,5.4,110.9,11.3,0.6,1.2,1.8,6.7,11.6,0.526,138.6,13.4,6.3,0.5,0.0,0.0,0.0,0.0,0.0,0.0,0.0,0.0,0.0,0.0,0.0,0.0,0.0,0.0,0.0,0.0,0.0,0.0,0.0
Jeron Teng,SMB,17.0,8.4,3.5,1.2,3.4,0.362,0.4,1.0,0.353,0.6,0.8,0.786,0.3,0.7,1.0,0.5,0.2,0.0,0.8,1.1,9.0,0.0,142.7,59.0,17.0,3.0,9.7,0.0,8.5,109.1,13.8,3.8,89.0,6.9,-4.8,1.0,1.1,16.8,6.2,0.46,150.1,24.1,-20.1,0.414,0.0,0.0,0.0,0.0,0.0,0.0,0.0,0.0,0.0,0.0,0.0,0.0,0.0,0.0,0.0,0.0,0.0,0.0,0.0
Sidney Onwubere,BGK,15.0,11.3,3.5,1.0,2.8,0.357,0.3,1.0,0.267,1.2,2.1,0.581,1.5,2.0,3.5,0.7,0.3,0.3,0.6,2.0,10.0,4.0,169.8,52.0,53.0,4.0,9.6,2.2,18.6,98.4,48.4,14.6,104.1,12.2,-1.4,1.2,1.3,13.9,16.6,0.467,120.4,17.4,5.7,0.405,0.0,0.0,0.0,0.0,0.0,0.0,0.0,0.0,0.0,0.0,0.0,0.0,0.0,0.0,0.0,0.0,0.0,0.0,0.0
Aldrech Ramos,DYIP,14.0,14.8,3.4,1.4,3.1,0.465,0.3,1.0,0.286,0.3,0.4,0.8,0.6,1.4,2.0,0.9,0.3,0.3,0.4,2.0,12.0,4.0,207.5,48.0,28.0,4.0,9.0,1.7,10.0,113.7,37.1,5.1,111.9,8.8,1.0,1.1,1.0,11.7,7.6,0.531,155.1,11.4,-1.8,0.512,0.0,0.0,0.0,0.0,0.0,0.0,0.0,0.0,0.0,0.0,0.0,0.0,0.0,0.0,0.0,0.0,0.0,0.0,0.0
Patrick Maagdenberg,XERS,11.0,15.2,3.4,1.1,3.4,0.324,0.1,0.7,0.125,1.1,1.6,0.667,1.3,1.7,3.0,0.6,0.5,0.3,0.8,2.1,7.0,3.0,166.7,37.0,33.0,5.0,6.7,1.6,12.2,113.7,25.3,8.8,90.1,6.8,-2.6,1.0,1.5,16.7,10.5,0.412,111.6,14.7,-23.6,0.338,0.0,0.0,0.0,0.0,0.0,0.0,0.0,0.0,0.0,0.0,0.0,0.0,0.0,0.0,0.0,0.0,0.0,0.0,0.0
Kib Montalbo,TNT,14.0,15.4,3.4,1.4,3.4,0.396,0.4,1.3,0.278,0.3,0.4,0.667,0.1,1.1,1.1,2.1,0.3,0.1,0.6,2.6,30.0,1.0,215.0,47.0,16.0,4.0,21.3,0.4,7.5,111.2,29.0,0.5,102.5,6.5,5.1,1.0,1.0,15.1,4.1,0.464,134.0,12.6,-8.7,0.448,0.0,0.0,0.0,0.0,0.0,0.0,0.0,0.0,0.0,0.0,0.0,0.0,0.0,0.0,0.0,0.0,0.0,0.0,0.0
Kris Rosales,NPB,12.0,13.7,3.3,1.2,3.3,0.35,0.4,1.9,0.217,0.6,0.8,0.7,0.3,0.9,1.3,1.3,0.4,0.1,0.7,1.4,15.0,1.0,163.9,40.0,15.0,5.0,13.6,0.6,7.2,112.1,23.0,2.6,93.1,6.2,1.2,1.0,1.5,15.3,4.9,0.45,126.7,13.9,-19.0,0.413,0.0,0.0,0.0,0.0,0.0,0.0,0.0,0.0,0.0,0.0,0.0,0.0,0.0,0.0,0.0,0.0,0.0,0.0,0.0
David Marcelo,NLEX,11.0,15.5,3.3,1.2,2.5,0.464,0.0,0.0,0.0,0.9,2.1,0.435,1.5,2.2,3.7,1.5,0.4,0.5,1.0,2.8,16.0,5.0,170.3,36.0,41.0,4.0,15.7,2.8,16.4,105.3,39.9,11.4,100.7,9.8,-0.2,1.3,1.3,22.4,13.9,0.472,89.9,13.7,-4.7,0.464,0.0,0.0,0.0,0.0,0.0,0.0,0.0,0.0,0.0,0.0,0.0,0.0,0.0,0.0,0.0,0.0,0.0,0.0,0.0
L.A. Tenorio,BGK,19.0,13.9,3.2,1.2,3.3,0.349,0.6,1.7,0.333,0.3,0.4,0.75,0.2,1.9,2.1,1.8,0.3,0.0,0.5,1.1,35.0,0.0,263.2,61.0,40.0,5.0,22.0,0.0,14.4,101.9,62.3,1.7,106.1,9.2,5.7,1.0,1.1,11.9,8.2,0.459,143.3,13.3,4.2,0.437,0.0,0.0,0.0,0.0,0.0,0.0,0.0,0.0,0.0,0.0,0.0,0.0,0.0,0.0,0.0,0.0,0.0,0.0,0.0
Jose Raymar,MER,10.0,10.8,3.2,1.4,3.0,0.467,0.0,0.6,0.0,0.4,0.4,1.0,1.0,1.7,2.7,0.7,0.1,0.2,0.6,1.5,7.0,2.0,108.4,32.0,27.0,1.0,11.4,1.8,18.0,103.5,27.3,10.1,102.8,11.2,-1.3,1.1,0.5,15.9,14.0,0.504,146.7,16.3,-0.7,0.467,0.0,0.0,0.0,0.0,0.0,0.0,0.0,0.0,0.0,0.0,0.0,0.0,0.0,0.0,0.0,0.0,0.0,0.0,0.0
Inand Fornilos,XERS,11.0,14.8,3.2,1.2,2.7,0.433,0.3,0.9,0.3,0.5,1.1,0.5,1.5,2.4,3.9,1.1,0.2,0.4,0.6,1.4,12.0,4.0,162.7,35.0,43.0,2.0,11.9,2.2,17.1,113.9,48.0,11.0,109.3,11.1,0.6,1.2,0.6,16.6,14.0,0.496,123.3,11.8,-4.6,0.483,0.0,0.0,0.0,0.0,0.0,0.0,0.0,0.0,0.0,0.0,0.0,0.0,0.0,0.0,0.0,0.0,0.0,0.0,0.0
Eric James Camson,DYIP,12.0,6.4,3.2,1.1,2.5,0.433,0.3,0.6,0.429,0.8,0.8,0.9,0.3,1.3,1.6,0.5,0.1,0.1,0.6,1.2,6.0,1.0,76.5,38.0,19.0,1.0,14.2,1.2,21.5,110.5,21.0,6.1,104.1,14.2,-4.0,1.3,0.7,16.9,14.1,0.552,176.2,25.3,-6.5,0.483,0.0,0.0,0.0,0.0,0.0,0.0,0.0,0.0,0.0,0.0,0.0,0.0,0.0,0.0,0.0,0.0,0.0,0.0,0.0
Norberto Torres,MER,24.0,11.0,3.2,1.2,3.1,0.392,0.5,1.7,0.317,0.2,0.3,0.625,0.8,1.2,2.0,0.3,0.4,0.3,0.4,1.8,8.0,7.0,262.9,76.0,47.0,9.0,5.1,2.7,12.7,101.5,49.8,7.5,102.0,10.2,-1.9,1.0,1.9,11.4,10.0,0.49,133.4,15.9,0.5,0.48,0.0,0.0,0.0,0.0,0.0,0.0,0.0,0.0,0.0,0.0,0.0,0.0,0.0,0.0,0.0,0.0,0.0,0.0,0.0
Mac Belo,ROS,10.0,8.3,3.1,1.0,3.2,0.313,0.6,2.1,0.286,0.5,0.8,0.625,0.8,1.7,2.5,0.3,0.0,0.3,0.4,1.2,3.0,3.0,83.5,31.0,25.0,0.0,5.4,2.9,20.8,103.0,20.8,10.3,93.1,8.8,-2.2,1.0,0.0,10.1,15.7,0.436,122.3,20.2,-9.8,0.406,0.0,0.0,0.0,0.0,0.0,0.0,0.0,0.0,0.0,0.0,0.0,0.0,0.0,0.0,0.0,0.0,0.0,0.0,0.0
Gabe Norwood,ROS,15.0,20.6,2.9,1.0,3.5,0.288,0.2,1.6,0.125,0.7,0.9,0.786,0.9,3.0,3.9,2.0,0.7,0.3,0.5,1.1,30.0,4.0,309.0,44.0,59.0,10.0,13.2,1.1,15.1,106.2,75.5,4.7,97.5,7.7,3.6,0.8,1.6,12.1,9.8,0.378,119.9,9.1,-8.6,0.317,0.0,0.0,0.0,0.0,0.0,0.0,0.0,0.0,0.0,0.0,0.0,0.0,0.0,0.0,0.0,0.0,0.0,0.0,0.0
Jerrick Balanza,XERS,6.0,6.7,2.7,1.0,3.2,0.316,0.5,1.8,0.273,0.2,0.7,0.25,0.3,1.2,1.5,0.8,0.2,0.2,0.0,0.0,5.0,1.0,39.9,16.0,9.0,1.0,24.9,2.2,19.2,111.4,14.5,5.3,97.5,14.5,8.3,0.8,1.3,0.0,12.2,0.385,83.9,23.9,-13.9,0.395,0.0,0.0,0.0,0.0,0.0,0.0,0.0,0.0,0.0,0.0,0.0,0.0,0.0,0.0,0.0,0.0,0.0,0.0,0.0
John Paul Calvo,DYIP,12.0,12.1,2.5,0.8,3.3,0.231,0.1,0.5,0.167,0.9,1.1,0.846,0.2,1.3,1.4,1.5,0.9,0.0,0.8,1.4,18.0,0.0,144.8,30.0,17.0,11.0,18.6,0.0,11.5,106.6,19.6,1.6,77.6,5.6,1.4,0.8,4.0,18.3,6.7,0.335,124.4,17.5,-29.0,0.244,0.0,0.0,0.0,0.0,0.0,0.0,0.0,0.0,0.0,0.0,0.0,0.0,0.0,0.0,0.0,0.0,0.0,0.0,0.0
Simon Enciso,SMB,20.0,11.2,2.4,0.8,2.5,0.327,0.8,2.1,0.357,0.0,0.0,0.0,0.2,0.7,0.8,1.3,0.4,0.1,0.5,1.3,26.0,1.0,224.2,47.0,16.0,8.0,15.7,0.4,5.9,108.8,36.5,1.4,105.7,7.4,3.7,1.0,1.9,15.5,3.7,0.48,68.4,11.4,-3.1,0.48,0.0,0.0,0.0,0.0,0.0,0.0,0.0,0.0,0.0,0.0,0.0,0.0,0.0,0.0,0.0,0.0,0.0,0.0,0.0
Brent Paraiso,NPB,10.0,7.4,2.3,0.7,2.0,0.35,0.6,1.3,0.462,0.3,0.4,0.75,0.2,0.9,1.1,0.7,0.5,0.2,0.8,1.1,7.0,2.0,74.2,23.0,11.0,5.0,14.4,2.5,13.3,103.4,15.8,2.8,87.4,8.8,-4.3,1.2,3.3,26.9,7.9,0.528,156.2,17.3,-15.9,0.5,0.0,0.0,0.0,0.0,0.0,0.0,0.0,0.0,0.0,0.0,0.0,0.0,0.0,0.0,0.0,0.0,0.0,0.0,0.0
Vic Manuel,SMB,12.0,5.0,2.3,1.0,2.0,0.5,0.0,0.0,0.0,0.3,0.3,1.0,0.3,0.4,0.7,0.3,0.0,0.1,0.5,1.3,3.0,1.0,60.5,27.0,8.0,0.0,8.2,1.6,8.8,113.1,5.1,5.5,95.2,8.5,-6.7,1.1,0.0,19.2,7.2,0.533,150.0,23.6,-17.9,0.5,0.0,0.0,0.0,0.0,0.0,0.0,0.0,0.0,0.0,0.0,0.0,0.0,0.0,0.0,0.0,0.0,0.0,0.0,0.0
Jewel Ponferada,TNT,14.0,8.2,2.2,0.8,1.5,0.524,0.4,0.7,0.5,0.3,0.6,0.5,0.5,1.3,1.8,0.5,0.1,0.5,0.8,1.6,7.0,7.0,114.7,31.0,25.0,1.0,9.4,5.7,16.8,105.9,25.8,6.9,98.3,9.3,-5.4,1.5,0.4,31.0,11.9,0.632,152.4,14.0,-7.7,0.643,0.0,0.0,0.0,0.0,0.0,0.0,0.0,0.0,0.0,0.0,0.0,0.0,0.0,0.0,0.0,0.0,0.0,0.0,0.0
Von Rolfe Pessumal,BGK,13.0,6.9,2.2,0.7,2.3,0.3,0.5,1.8,0.292,0.2,0.3,0.75,0.1,0.5,0.6,0.0,0.1,0.0,0.7,0.5,0.0,0.0,89.8,28.0,8.0,1.0,0.0,0.0,8.2,105.6,-0.8,1.2,72.0,0.4,-10.5,0.9,0.6,22.1,4.8,0.441,134.2,20.9,-33.5,0.417,0.0,0.0,0.0,0.0,0.0,0.0,0.0,0.0,0.0,0.0,0.0,0.0,0.0,0.0,0.0,0.0,0.0,0.0,0.0
Brian Quinton Heruela,TNT,13.0,9.4,2.1,0.8,2.2,0.393,0.4,1.2,0.333,0.0,0.1,0.0,0.5,0.6,1.1,0.8,0.3,0.0,0.2,0.9,11.0,0.0,122.1,27.0,14.0,4.0,13.8,0.0,7.0,109.5,24.6,5.6,113.6,9.2,4.3,1.0,1.7,6.6,6.3,0.475,72.6,11.4,4.1,0.482,0.0,0.0,0.0,0.0,0.0,0.0,0.0,0.0,0.0,0.0,0.0,0.0,0.0,0.0,0.0,0.0,0.0,0.0,0.0
Simon Camacho,FUEL,11.0,8.8,2.0,0.9,1.7,0.526,0.0,0.0,0.0,0.2,0.2,1.0,0.7,0.8,1.5,0.3,0.3,0.6,0.3,2.2,3.0,7.0,96.6,22.0,17.0,3.0,5.0,6.7,9.7,105.8,19.8,9.3,113.7,10.4,-1.0,1.2,1.6,13.1,9.5,0.553,152.6,10.7,7.9,0.526,0.0,0.0,0.0,0.0,0.0,0.0,0.0,0.0,0.0,0.0,0.0,0.0,0.0,0.0,0.0,0.0,0.0,0.0,0.0
Chris Lalata,FUEL,11.0,5.3,1.9,0.8,1.2,0.692,0.2,0.3,0.667,0.1,0.5,0.2,0.1,0.2,0.3,0.1,0.0,0.2,0.2,0.9,1.0,2.0,58.0,21.0,3.0,0.0,3.1,3.2,3.6,113.9,7.9,1.9,115.3,9.9,-2.3,1.6,0.0,11.6,2.8,0.691,155.9,13.4,1.4,0.769,0.0,0.0,0.0,0.0,0.0,0.0,0.0,0.0,0.0,0.0,0.0,0.0,0.0,0.0,0.0,0.0,0.0,0.0,0.0
Michael Joseph Nieto,XERS,11.0,10.5,1.8,0.8,2.6,0.31,0.0,1.2,0.0,0.2,0.2,1.0,0.8,1.2,2.0,0.3,0.4,0.0,0.2,0.6,3.0,0.0,115.4,20.0,22.0,4.0,4.2,0.0,12.1,114.5,17.8,8.2,86.8,6.1,0.0,0.7,1.8,6.3,10.2,0.335,131.0,12.6,-27.7,0.31,0.0,0.0,0.0,0.0,0.0,0.0,0.0,0.0,0.0,0.0,0.0,0.0,0.0,0.0,0.0,0.0,0.0,0.0,0.0
Kamron Fleming,XERS,10.0,6.2,1.8,0.7,1.9,0.368,0.2,0.6,0.333,0.2,0.6,0.333,0.3,0.9,1.2,0.1,0.1,0.2,0.2,0.5,1.0,2.0,62.3,18.0,12.0,1.0,2.8,2.9,15.8,113.5,10.8,5.0,87.4,7.5,-2.1,0.9,0.8,8.5,10.3,0.416,103.5,17.2,-26.1,0.421,0.0,0.0,0.0,0.0,0.0,0.0,0.0,0.0,0.0,0.0,0.0,0.0,0.0,0.0,0.0,0.0,0.0,0.0,0.0
Jayson David,BGK,12.0,4.1,1.7,0.5,1.3,0.375,0.1,0.3,0.333,0.6,0.8,0.778,0.2,0.3,0.5,0.6,0.3,0.0,0.1,0.7,7.0,0.0,49.3,20.0,6.0,4.0,24.7,0.0,8.7,95.2,15.6,4.4,121.6,17.5,7.8,1.3,4.5,4.8,6.5,0.501,148.6,19.6,26.5,0.406,0.0,0.0,0.0,0.0,0.0,0.0,0.0,0.0,0.0,0.0,0.0,0.0,0.0,0.0,0.0,0.0,0.0,0.0,0.0
Kyle Pascual,MER,21.0,8.6,1.5,0.6,1.3,0.464,0.0,0.0,0.0,0.3,0.4,0.667,0.5,1.1,1.6,0.2,0.0,0.2,0.3,2.1,4.0,4.0,181.5,32.0,34.0,1.0,3.4,2.2,14.5,102.1,16.4,6.4,101.8,5.3,-1.9,1.1,0.3,15.8,10.3,0.501,113.1,9.9,-0.3,0.464,0.0,0.0,0.0,0.0,0.0,0.0,0.0,0.0,0.0,0.0,0.0,0.0,0.0,0.0,0.0,0.0,0.0,0.0,0.0
Jansen Rios,MER,15.0,6.9,1.5,0.5,1.4,0.381,0.3,1.0,0.267,0.1,0.1,1.0,0.3,0.6,0.9,0.4,0.2,0.1,0.1,1.0,6.0,2.0,103.9,22.0,14.0,3.0,9.2,1.9,9.8,106.0,19.8,5.3,120.5,9.7,3.0,1.0,1.6,4.4,7.5,0.503,164.8,10.4,14.5,0.476,0.0,0.0,0.0,0.0,0.0,0.0,0.0,0.0,0.0,0.0,0.0,0.0,0.0,0.0,0.0,0.0,0.0,0.0,0.0
Alvin Pasaol,MER,14.0,7.7,1.1,0.4,2.1,0.207,0.1,1.3,0.056,0.2,0.9,0.25,0.6,0.9,1.4,0.3,0.2,0.1,0.3,1.1,4.0,2.0,108.4,16.0,20.0,3.0,5.6,1.9,12.6,100.3,3.8,8.0,62.9,0.7,-1.3,0.6,1.5,10.4,10.2,0.233,51.2,16.9,-37.5,0.224,0.0,0.0,0.0,0.0,0.0,0.0,0.0,0.0,0.0,0.0,0.0,0.0,0.0,0.0,0.0,0.0,0.0,0.0,0.0
Ryan Reyes,TNT,11.0,7.0,0.7,0.2,0.6,0.286,0.1,0.5,0.2,0.3,0.4,0.75,0.0,0.6,0.6,1.2,0.5,0.0,0.4,0.6,13.0,0.0,76.8,8.0,7.0,6.0,24.2,0.0,9.7,102.7,18.0,0.0,101.5,8.6,6.0,1.1,4.0,31.3,4.9,0.457,123.6,7.5,-1.3,0.357,0.0,0.0,0.0,0.0,0.0,0.0,0.0,0.0,0.0,0.0,0.0,0.0,0.0,0.0,0.0,0.0,0.0,0.0,0.0
